Workbook

Sheet Read Me
A1: Construction Team — Pre-Construction Readiness Register
A2: Project | B2: PROJ
A3: What this is | B3: The construction team's pre-construction readiness deliverables, in the same 9-tab structure and house style as the Commercial and Design registers so the three form one PCSA document-control pack.
A4: IMPORTANT — status of this list | B4: Unlike the Commercial and Design registers (which reformat real source content), this register is a GENERATED standard construction document set — no construction-team source list was provided. Treat it as a starting template for the construction/operations team to review, correct and own before issue.
A5: Spine | B5: Same three procurement gates as the other registers: Stage 1 - Bid & Tender, Stage 2 - Contract Award, Stage 3 - Pre-Construction. This is a PRE-CONSTRUCTION readiness register, not a build-phase document register.
A6: Scope note | B6: Covers the production / site / logistics / temporary-works / H&S / programme domain — deliberately distinct from the Commercial (money/contract) and Design (drawings/specs) registers. If you need the build-phase set (RAMS per activity, ITPs, permits, progress records, snagging, O&M/handover) phased Mobilisation -> Construction -> Completion, that is a separate register.
A7: Sheets | B7: Read Me / Stage 1-3 checklists (views) / Construction Folder Structure / Master Register (single source of truth) / Folder Coverage / Dashboard (live counts) / Guidance & Lookups.
A8: Naming (proposed) | B8: PROJ-CDR-[TYPE]-[####]_[Title]. CDR = Construction Delivery Register; each L2 folder has a unique TYPE. Proposed convention — confirm before issuing.
A9: Input fields | B9: Include in Pack?, Priority, Delivery Status, Target Date, Document Reference, Revision and Comments are controlled input fields (dropdowns where relevant). Delivery Status defaults to Planned; set the rest live.
A10: Owners | B10: Owner / Lead Party uses construction roles (PM, Construction Manager, Planner, TWC, H&S Manager, Quality Manager, Procurement). Confirm the named holders on appointment.

Sheet Stage 1 - Bid & Tender
A1: Stage 1 - Bid & Tender
A2: 10 deliverables · Rev P01
A3: Construction team's inputs to the tender/bid — buildability, methodology, logistics and temporary-works/H&S assumptions the bid is built on. Filtered view of the Master Register — edit items there, not here.
A5: Ref | B5: Construction Document / Deliverable | C5: Purpose / Assurance Provided | D5: Owner / Lead Party | E5: Delivery Status | F5: TYPE | G5: Proposed File Name | H5: Comments / Key Actions
A6: 1.01 | B6: Tender / Outline Construction Programme | C6: Sets the tendered construction sequence, durations and key milestones the bid is priced against. | D6: Meridian Planner | E6: Planned | F6: TPM | G6: PROJ-CDR-TPM-0001_TenderOutlineConstructionP | H6: Baseline for the contract programme at award; keep the logic file.
A7: 1.02 | B7: Construction Methodology & Sequencing Statement | C7: Describes how the works will be built, in what order, and the principal construction assumptions. | D7: Meridian Construction Manager | E7: Planned | F7: TPM | G7: PROJ-CDR-TPM-0002_ConstructionMethodologySeq | H7: Aligns with tender programme; flag any assumptions that carry commercial risk.
A8: 1.03 | B8: Buildability & Constructability Review | C8: Records buildability input into the tender design and any efficiency / VE opportunities. | D8: Meridian Construction Manager | E8: Planned | F8: TPM | G8: PROJ-CDR-TPM-0003_BuildabilityConstructabili | H8: Feed outputs into the design register VE items.
A9: 1.04 | B9: Site Logistics & Access Strategy (Tender) | C9: Establishes site access, compound, storage, deliveries and craneage assumptions for the bid. | D9: Meridian Construction Manager | E9: Planned | F9: SLE | G9: PROJ-CDR-SLE-0001_SiteLogisticsAccessStrateg | H9: Confirm against highways/neighbour constraints.
A10: 1.05 | B10: Site Establishment & Preliminaries Basis | C10: Defines the site set-up and preliminaries assumptions priced in the tender. | D10: Meridian / Commercial | E10: Planned | F10: SLE | G10: PROJ-CDR-SLE-0002_SiteEstablishmentPrelimina | H10: Reconcile with the commercial preliminaries budget.
A11: 1.06 | B11: Plant, Crane & Hoisting Strategy (Tender) | C11: Sets out the principal plant, crane and material-movement strategy assumed at tender. | D11: Meridian Construction Manager | E11: Planned | F11: SLE | G11: PROJ-CDR-SLE-0003_PlantCraneHoistingStrategy
A12: 1.07 | B12: Temporary Works Assumptions & Design Approach | C12: Identifies the temporary works foreseen and the intended design/approval approach. | D12: Temporary Works Coordinator | E12: Planned | F12: TWS | G12: PROJ-CDR-TWS-0001_TemporaryWorksAssumptionsD | H12: Confirm TWC appointment carries into Stage 2.
A13: 1.08 | B13: Outline Construction Phase H&S / CDM Approach | C13: Sets the tender-stage construction H&S and CDM approach and principal-contractor duties. | D13: Meridian H&S Manager | E13: Planned | F13: TWS | G13: PROJ-CDR-TWS-0002_OutlineConstructionPhaseHS | H13: Develops into the Construction Phase Plan at award.
A14: 1.09 | B14: Key Construction Risks & Mitigation Schedule (Tender) | C14: Captures the principal construction risks priced and how they are to be managed. | D14: Meridian Construction Manager | E14: Planned | F14: CRA | G14: PROJ-CDR-CRA-0001_KeyConstructionRisksMitiga | H14: Cross-check against the commercial risk register.
A15: 1.10 | B15: Logistics, Traffic & Neighbour Constraints Assumptions | C15: Records traffic management, working-hours and neighbour constraints assumed in the bid. | D15: Meridian Construction Manager | E15: Planned | F15: CRA | G15: PROJ-CDR-CRA-0002_LogisticsTrafficNeighbourC

Sheet Stage 2 - Contract Award
A1: Stage 2 - Contract Award
A2: 12 deliverables · Rev P01
A3: Construction mobilisation and delivery-planning produced on appointment to the PCSA — construction programme, CPP, site setup, temporary works, procurement. Filtered view of the Master Register — edit items there, not here.
A5: Ref | B5: Construction Document / Deliverable | C5: Purpose / Assurance Provided | D5: Owner / Lead Party | E5: Delivery Status | F5: TYPE | G5: Proposed File Name | H5: Comments / Key Actions
A6: 2.01 | B6: Contract / Baseline Construction Programme | C6: The contract-baselined construction programme against which progress is measured. | D6: Meridian Planner | E6: Planned | F6: CPR | G6: PROJ-CDR-CPR-0001_ContractBaselineConstructi | H6: Baseline and lock; issue under the contract.
A7: 2.02 | B7: Construction Phase Plan (CPP) - Draft | C7: The developing CDM construction phase plan for the works. | D7: Meridian H&S Manager | E7: Planned | F7: CPR | G7: PROJ-CDR-CPR-0002_ConstructionPhasePlanCPPDr | H7: Must be adequate before any works start.
A8: 2.03 | B8: Mobilisation Plan & Programme | C8: Sequences site set-up, procurement and readiness activities up to start on site. | D8: Meridian Project Manager | E8: Planned | F8: CPR | G8: PROJ-CDR-CPR-0003_MobilisationPlanProgramme
A9: 2.04 | B9: Site Establishment Design & Layout | C9: The developed site compound, welfare, access and storage layout design. | D9: Meridian Construction Manager | E9: Planned | F9: SSL | G9: PROJ-CDR-SSL-0001_SiteEstablishmentDesignLay
A10: 2.05 | B10: Developed Site Logistics & Traffic Management Plan | C10: Coordinates deliveries, craneage, access and traffic management for the build. | D10: Meridian Construction Manager | E10: Planned | F10: SSL | G10: PROJ-CDR-SSL-0002_DevelopedSiteLogisticsTraf | H10: Liaise with highways/LPA where required.
A11: 2.06 | B11: Enabling Works & Utilities Plan | C11: Plans enabling works, diversions and temporary/permanent utility connections. | D11: Meridian / Utility Designers | E11: Planned | F11: SSL | G11: PROJ-CDR-SSL-0003_EnablingWorksUtilitiesPlan | H11: Depends on utility capacities from the design register.
A12: 2.07 | B12: Temporary Works Register & TWC Appointment | C12: Establishes the temporary works register, roles and approval process. | D12: Temporary Works Coordinator | E12: Planned | F12: TWM | G12: PROJ-CDR-TWM-0001_TemporaryWorksRegisterTWCA | H12: No TW to proceed without a design check certificate.
A13: 2.08 | B13: Key Package Method Statements (RAMS Framework) | C13: Sets the method-statement/RAMS framework for principal construction packages. | D13: Meridian Construction Manager | E13: Planned | F13: TWM | G13: PROJ-CDR-TWM-0002_KeyPackageMethodStatements
A14: 2.09 | B14: Construction Procurement & Package Award Schedule | C14: Schedules construction package procurement and award against the programme need-by dates. | D14: Meridian / Commercial | E14: Planned | F14: CPS | G14: PROJ-CDR-CPS-0001_ConstructionProcurementPac | H14: Align with commercial procurement register.
A15: 2.10 | B15: Long-Lead & Enabling Subcontract Orders | C15: Places long-lead and enabling orders early enough to protect the programme. | D15: Meridian / Commercial | E15: Planned | F15: CPS | G15: PROJ-CDR-CPS-0002_LongLeadEnablingSubcontrac
A16: 2.11 | B16: Site H&S Management Arrangements | C16: Defines site safety management, supervision and induction arrangements. | D16: Meridian H&S Manager | E16: Planned | F16: SHE | G16: PROJ-CDR-SHE-0001_SiteHSManagementArrangemen
A17: 2.12 | B17: Construction Environmental Management Plan (CEMP) | C17: Sets site environmental controls, discharge, noise, dust and waste management. | D17: Meridian H&S / Environmental | E17: Planned | F17: SHE | G17: PROJ-CDR-SHE-0002_ConstructionEnvironmentalM | H17: Check planning conditions for environmental triggers.

Sheet Stage 3 - Pre-Construction
A1: Stage 3 - Pre-Construction
A2: 15 deliverables · Rev P01
A3: Construction readiness delivered at pre-con completion — final CPP and programme, quality/ITP framework, temporary-works designs, permits, and the go/no-go readiness report. Filtered view of the Master Register — edit items there, not here.
A5: Ref | B5: Construction Document / Deliverable | C5: Purpose / Assurance Provided | D5: Owner / Lead Party | E5: Delivery Status | F5: TYPE | G5: Proposed File Name | H5: Comments / Key Actions
A6: 3.01 | B6: Construction Phase Plan (CPP) - Final / Issued | C6: The issued CDM construction phase plan controlling the works. | D6: Meridian H&S Manager | E6: Planned | F6: CFP | G6: PROJ-CDR-CFP-0001_ConstructionPhasePlanCPPFi | H6: Must be issued before start on site.
A7: 3.02 | B7: Final Baselined Construction Programme | C7: The final, resourced and baselined construction programme for delivery. | D7: Meridian Planner | E7: Planned | F7: CFP | G7: PROJ-CDR-CFP-0002_FinalBaselinedConstruction
A8: 3.03 | B8: Project Quality Management Plan | C8: Defines the quality management system, roles and control points for the build. | D8: Meridian Quality Manager | E8: Planned | F8: QIN | G8: PROJ-CDR-QIN-0001_ProjectQualityManagementPl
A9: 3.04 | B9: Inspection & Test Plans (ITP) Framework | C9: Establishes ITPs, hold/witness points and sign-off routes for key trades. | D9: Meridian Quality Manager | E9: Planned | F9: QIN | G9: PROJ-CDR-QIN-0002_InspectionTestPlansITPFram | H9: Populate per package as procured.
A10: 3.05 | B10: Materials & Sample Approval Process | C10: Controls product, material and benchmark approval before order/installation. | D10: Meridian Quality Manager | E10: Planned | F10: QIN | G10: PROJ-CDR-QIN-0003_MaterialsSampleApprovalPro | H10: Links to design technical submittal register.
A11: 3.06 | B11: Temporary Works Designs & Approved Register | C11: The temporary works designs, checks and approved register for construction. | D11: Temporary Works Coordinator | E11: Planned | F11: TWD | G11: PROJ-CDR-TWD-0001_TemporaryWorksDesignsAppro | H11: No TW loaded without design check certificate.
A12: 3.07 | B12: Excavation, Groundworks & Craneage TW Designs | C12: Specific temporary works designs for excavation, groundworks and lifting. | D12: Temporary Works Coordinator | E12: Planned | F12: TWD | G12: PROJ-CDR-TWD-0002_ExcavationGroundworksCrane
A13: 3.08 | B13: Permit-to-Work Systems Setup | C13: Establishes permit-to-work controls for high-risk activities. | D13: Meridian H&S Manager | E13: Planned | F13: HSP | G13: PROJ-CDR-HSP-0001_PermitToWorkSystemsSetup
A14: 3.09 | B14: Fire & Emergency Plan (Construction) | C14: Sets construction-phase fire, emergency and evacuation arrangements. | D14: Meridian H&S Manager | E14: Planned | F14: HSP | G14: PROJ-CDR-HSP-0002_FireEmergencyPlanConstruct
A15: 3.10 | B15: Site Waste Management Plan | C15: Plans waste segregation, disposal and recording for the build. | D15: Meridian H&S / Environmental | E15: Planned | F15: HSP | G15: PROJ-CDR-HSP-0003_SiteWasteManagementPlan
A16: 3.11 | B16: Subcontract Orders Placed (Key / Long-Lead) | C16: Confirms key and long-lead subcontract/supply orders are executed. | D16: Meridian / Commercial | E16: Planned | F16: SPS | G16: PROJ-CDR-SPS-0001_SubcontractOrdersPlacedKey | H16: Track against programme need-by dates.
A17: 3.12 | B17: Construction Procurement Status & Gap Report | C17: Reports procurement status and any package gaps threatening start on site. | D17: Meridian / Commercial | E17: Planned | F17: SPS | G17: PROJ-CDR-SPS-0002_ConstructionProcurementSta
A18: 3.13 | B18: Testing, Commissioning & Handover Strategy (Construction) | C18: Defines the construction-side commissioning, testing and handover approach. | D18: Meridian / Commissioning | E18: Planned | F18: CHR | G18: PROJ-CDR-CHR-0001_TestingCommissioningHandov | H18: Coordinate with design handover strategy.
A19: 3.14 | B19: O&M / As-Built Information Requirements Setup | C19: Sets the O&M, as-built and handover information requirements from the outset. | D19: Meridian / Design Team | E19: Planned | F19: CHR | G19: PROJ-CDR-CHR-0002_OMAsBuiltInformationRequir
A20: 3.15 | B20: Pre-Construction Readiness & Go/No-Go Report | C20: Confirms all pre-start conditions are met and authorises start on site. | D20: Meridian Project Manager | E20: Planned | F20: CHR | G20: PROJ-CDR-CHR-0003_PreConstructionReadinessGo | H20: The pre-start gate — nothing starts until this is signed off.

Sheet Construction Folder Structure
A1: Construction Delivery — Folder Structure (Proposed)
A2: L1 = procurement stage; L2 = deliverable grouping. Aligned to the 3-stage spine. Confirm before adopting.
A4: L1 Code | B4: Level 1 Folder (Stage) | C4: L2 Code | D4: Level 2 Folder | E4: TYPE | F4: Lead Owner | G4: Items
A5: 1.0 | B5: Stage 1 - Bid & Tender
C6: 1.10 | D6: Tender Programme & Methodology | E6: TPM | F6: Meridian Construction Manager | G6: 3
C7: 1.20 | D7: Site Logistics & Establishment (Tender) | E7: SLE | F7: Meridian Construction Manager | G7: 3
C8: 1.30 | D8: Temporary Works & Safety (Tender) | E8: TWS | F8: Temporary Works Coordinator | G8: 2
C9: 1.40 | D9: Construction Risk & Assumptions | E9: CRA | F9: Meridian Construction Manager | G9: 2
A10: 2.0 | B10: Stage 2 - Contract Award
C11: 2.10 | D11: Construction Programme & Planning | E11: CPR | F11: Meridian Planner | G11: 3
C12: 2.20 | D12: Site Setup & Logistics | E12: SSL | F12: Meridian Construction Manager | G12: 3
C13: 2.30 | D13: Temporary Works & Methodology | E13: TWM | F13: Temporary Works Coordinator | G13: 2
C14: 2.40 | D14: Construction Procurement & Subcontract | E14: CPS | F14: Meridian | G14: 2
C15: 2.50 | D15: Site H&S & Environmental | E15: SHE | F15: Meridian H&S Manager | G15: 2
A16: 3.0 | B16: Stage 3 - Pre-Construction
C17: 3.10 | D17: Construction Phase Plan & Programme (Final) | E17: CFP | F17: Meridian H&S Manager | G17: 2
C18: 3.20 | D18: Quality & Inspection | E18: QIN | F18: Meridian Quality Manager | G18: 3
C19: 3.30 | D19: Temporary Works (Design & Approval) | E19: TWD | F19: Temporary Works Coordinator | G19: 2
C20: 3.40 | D20: Health, Safety & Permits | E20: HSP | F20: Meridian H&S Manager | G20: 3
C21: 3.50 | D21: Subcontract & Procurement (Complete) | E21: SPS | F21: Meridian | G21: 2
C22: 3.60 | D22: Commissioning & Handover Readiness | E22: CHR | F22: Meridian | G22: 3

Sheet Master Register
A1: PROJ Canalside Regency — Construction Pre-Construction Master Register
A3: Ref | B3: Stage | C3: Construction Document / Deliverable | D3: Purpose / Assurance Provided | E3: Owner / Lead Party | F3: Include in Pack? | G3: Priority | H3: Delivery Status | I3: Target Date | J3: Document Reference | K3: Revision | L3: Comments / Key Actions | M3: Level 1 Folder | N3: Level 2 Folder | O3: TYPE | P3: Proposed File Name
A4: 1.01 | B4: Stage 1 - Bid & Tender | C4: Tender / Outline Construction Programme | D4: Sets the tendered construction sequence, durations and key milestones the bid is priced against. | E4: Meridian Planner | F4: TBC | H4: Planned | L4: Baseline for the contract programme at award; keep the logic file. | M4: Stage 1 - Bid & Tender | N4: 1.10 Tender Programme & Methodology | O4: TPM | P4: PROJ-CDR-TPM-0001_TenderOutlineConstructionP
A5: 1.02 | B5: Stage 1 - Bid & Tender | C5: Construction Methodology & Sequencing Statement | D5: Describes how the works will be built, in what order, and the principal construction assumptions. | E5: Meridian Construction Manager | F5: TBC | H5: Planned | L5: Aligns with tender programme; flag any assumptions that carry commercial risk. | M5: Stage 1 - Bid & Tender | N5: 1.10 Tender Programme & Methodology | O5: TPM | P5: PROJ-CDR-TPM-0002_ConstructionMethodologySeq
A6: 1.03 | B6: Stage 1 - Bid & Tender | C6: Buildability & Constructability Review | D6: Records buildability input into the tender design and any efficiency / VE opportunities. | E6: Meridian Construction Manager | F6: TBC | H6: Planned | L6: Feed outputs into the design register VE items. | M6: Stage 1 - Bid & Tender | N6: 1.10 Tender Programme & Methodology | O6: TPM | P6: PROJ-CDR-TPM-0003_BuildabilityConstructabili
A7: 1.04 | B7: Stage 1 - Bid & Tender | C7: Site Logistics & Access Strategy (Tender) | D7: Establishes site access, compound, storage, deliveries and craneage assumptions for the bid. | E7: Meridian Construction Manager | F7: TBC | H7: Planned | L7: Confirm against highways/neighbour constraints. | M7: Stage 1 - Bid & Tender | N7: 1.20 Site Logistics & Establishment (Tender) | O7: SLE | P7: PROJ-CDR-SLE-0001_SiteLogisticsAccessStrateg
A8: 1.05 | B8: Stage 1 - Bid & Tender | C8: Site Establishment & Preliminaries Basis | D8: Defines the site set-up and preliminaries assumptions priced in the tender. | E8: Meridian / Commercial | F8: TBC | H8: Planned | L8: Reconcile with the commercial preliminaries budget. | M8: Stage 1 - Bid & Tender | N8: 1.20 Site Logistics & Establishment (Tender) | O8: SLE | P8: PROJ-CDR-SLE-0002_SiteEstablishmentPrelimina
A9: 1.06 | B9: Stage 1 - Bid & Tender | C9: Plant, Crane & Hoisting Strategy (Tender) | D9: Sets out the principal plant, crane and material-movement strategy assumed at tender. | E9: Meridian Construction Manager | F9: TBC | H9: Planned | M9: Stage 1 - Bid & Tender | N9: 1.20 Site Logistics & Establishment (Tender) | O9: SLE | P9: PROJ-CDR-SLE-0003_PlantCraneHoistingStrategy
A10: 1.07 | B10: Stage 1 - Bid & Tender | C10: Temporary Works Assumptions & Design Approach | D10: Identifies the temporary works foreseen and the intended design/approval approach. | E10: Temporary Works Coordinator | F10: TBC | H10: Planned | L10: Confirm TWC appointment carries into Stage 2. | M10: Stage 1 - Bid & Tender | N10: 1.30 Temporary Works & Safety (Tender) | O10: TWS | P10: PROJ-CDR-TWS-0001_TemporaryWorksAssumptionsD
A11: 1.08 | B11: Stage 1 - Bid & Tender | C11: Outline Construction Phase H&S / CDM Approach | D11: Sets the tender-stage construction H&S and CDM approach and principal-contractor duties. | E11: Meridian H&S Manager | F11: TBC | H11: Planned | L11: Develops into the Construction Phase Plan at award. | M11: Stage 1 - Bid & Tender | N11: 1.30 Temporary Works & Safety (Tender) | O11: TWS | P11: PROJ-CDR-TWS-0002_OutlineConstructionPhaseHS
A12: 1.09 | B12: Stage 1 - Bid & Tender | C12: Key Construction Risks & Mitigation Schedule (Tender) | D12: Captures the principal construction risks priced and how they are to be managed. | E12: Meridian Construction Manager | F12: TBC | H12: Planned | L12: Cross-check against the commercial risk register. | M12: Stage 1 - Bid & Tender | N12: 1.40 Construction Risk & Assumptions | O12: CRA | P12: PROJ-CDR-CRA-0001_KeyConstructionRisksMitiga
A13: 1.10 | B13: Stage 1 - Bid & Tender | C13: Logistics, Traffic & Neighbour Constraints Assumptions | D13: Records traffic management, working-hours and neighbour constraints assumed in the bid. | E13: Meridian Construction Manager | F13: TBC | H13: Planned | M13: Stage 1 - Bid & Tender | N13: 1.40 Construction Risk & Assumptions | O13: CRA | P13: PROJ-CDR-CRA-0002_LogisticsTrafficNeighbourC
A14: 2.01 | B14: Stage 2 - Contract Award | C14: Contract / Baseline Construction Programme | D14: The contract-baselined construction programme against which progress is measured. | E14: Meridian Planner | F14: TBC | H14: Planned | L14: Baseline and lock; issue under the contract. | M14: Stage 2 - Contract Award | N14: 2.10 Construction Programme & Planning | O14: CPR | P14: PROJ-CDR-CPR-0001_ContractBaselineConstructi
A15: 2.02 | B15: Stage 2 - Contract Award | C15: Construction Phase Plan (CPP) - Draft | D15: The developing CDM construction phase plan for the works. | E15: Meridian H&S Manager | F15: TBC | H15: Planned | L15: Must be adequate before any works start. | M15: Stage 2 - Contract Award | N15: 2.10 Construction Programme & Planning | O15: CPR | P15: PROJ-CDR-CPR-0002_ConstructionPhasePlanCPPDr
A16: 2.03 | B16: Stage 2 - Contract Award | C16: Mobilisation Plan & Programme | D16: Sequences site set-up, procurement and readiness activities up to start on site. | E16: Meridian Project Manager | F16: TBC | H16: Planned | M16: Stage 2 - Contract Award | N16: 2.10 Construction Programme & Planning | O16: CPR | P16: PROJ-CDR-CPR-0003_MobilisationPlanProgramme
A17: 2.04 | B17: Stage 2 - Contract Award | C17: Site Establishment Design & Layout | D17: The developed site compound, welfare, access and storage layout design. | E17: Meridian Construction Manager | F17: TBC | H17: Planned | M17: Stage 2 - Contract Award | N17: 2.20 Site Setup & Logistics | O17: SSL | P17: PROJ-CDR-SSL-0001_SiteEstablishmentDesignLay
A18: 2.05 | B18: Stage 2 - Contract Award | C18: Developed Site Logistics & Traffic Management Plan | D18: Coordinates deliveries, craneage, access and traffic management for the build. | E18: Meridian Construction Manager | F18: TBC | H18: Planned | L18: Liaise with highways/LPA where required. | M18: Stage 2 - Contract Award | N18: 2.20 Site Setup & Logistics | O18: SSL | P18: PROJ-CDR-SSL-0002_DevelopedSiteLogisticsTraf
A19: 2.06 | B19: Stage 2 - Contract Award | C19: Enabling Works & Utilities Plan | D19: Plans enabling works, diversions and temporary/permanent utility connections. | E19: Meridian / Utility Designers | F19: TBC | H19: Planned | L19: Depends on utility capacities from the design register. | M19: Stage 2 - Contract Award | N19: 2.20 Site Setup & Logistics | O19: SSL | P19: PROJ-CDR-SSL-0003_EnablingWorksUtilitiesPlan
A20: 2.07 | B20: Stage 2 - Contract Award | C20: Temporary Works Register & TWC Appointment | D20: Establishes the temporary works register, roles and approval process. | E20: Temporary Works Coordinator | F20: TBC | H20: Planned | L20: No TW to proceed without a design check certificate. | M20: Stage 2 - Contract Award | N20: 2.30 Temporary Works & Methodology | O20: TWM | P20: PROJ-CDR-TWM-0001_TemporaryWorksRegisterTWCA
A21: 2.08 | B21: Stage 2 - Contract Award | C21: Key Package Method Statements (RAMS Framework) | D21: Sets the method-statement/RAMS framework for principal construction packages. | E21: Meridian Construction Manager | F21: TBC | H21: Planned | M21: Stage 2 - Contract Award | N21: 2.30 Temporary Works & Methodology | O21: TWM | P21: PROJ-CDR-TWM-0002_KeyPackageMethodStatements
A22: 2.09 | B22: Stage 2 - Contract Award | C22: Construction Procurement & Package Award Schedule | D22: Schedules construction package procurement and award against the programme need-by dates. | E22: Meridian / Commercial | F22: TBC | H22: Planned | L22: Align with commercial procurement register. | M22: Stage 2 - Contract Award | N22: 2.40 Construction Procurement & Subcontract | O22: CPS | P22: PROJ-CDR-CPS-0001_ConstructionProcurementPac
A23: 2.10 | B23: Stage 2 - Contract Award | C23: Long-Lead & Enabling Subcontract Orders | D23: Places long-lead and enabling orders early enough to protect the programme. | E23: Meridian / Commercial | F23: TBC | H23: Planned | M23: Stage 2 - Contract Award | N23: 2.40 Construction Procurement & Subcontract | O23: CPS | P23: PROJ-CDR-CPS-0002_LongLeadEnablingSubcontrac
A24: 2.11 | B24: Stage 2 - Contract Award | C24: Site H&S Management Arrangements | D24: Defines site safety management, supervision and induction arrangements. | E24: Meridian H&S Manager | F24: TBC | H24: Planned | M24: Stage 2 - Contract Award | N24: 2.50 Site H&S & Environmental | O24: SHE | P24: PROJ-CDR-SHE-0001_SiteHSManagementArrangemen
A25: 2.12 | B25: Stage 2 - Contract Award | C25: Construction Environmental Management Plan (CEMP) | D25: Sets site environmental controls, discharge, noise, dust and waste management. | E25: Meridian H&S / Environmental | F25: TBC | H25: Planned | L25: Check planning conditions for environmental triggers. | M25: Stage 2 - Contract Award | N25: 2.50 Site H&S & Environmental | O25: SHE | P25: PROJ-CDR-SHE-0002_ConstructionEnvironmentalM
A26: 3.01 | B26: Stage 3 - Pre-Construction | C26: Construction Phase Plan (CPP) - Final / Issued | D26: The issued CDM construction phase plan controlling the works. | E26: Meridian H&S Manager | F26: TBC | H26: Planned | L26: Must be issued before start on site. | M26: Stage 3 - Pre-Construction | N26: 3.10 Construction Phase Plan & Programme (Final) | O26: CFP | P26: PROJ-CDR-CFP-0001_ConstructionPhasePlanCPPFi
A27: 3.02 | B27: Stage 3 - Pre-Construction | C27: Final Baselined Construction Programme | D27: The final, resourced and baselined construction programme for delivery. | E27: Meridian Planner | F27: TBC | H27: Planned | M27: Stage 3 - Pre-Construction | N27: 3.10 Construction Phase Plan & Programme (Final) | O27: CFP | P27: PROJ-CDR-CFP-0002_FinalBaselinedConstruction
A28: 3.03 | B28: Stage 3 - Pre-Construction | C28: Project Quality Management Plan | D28: Defines the quality management system, roles and control points for the build. | E28: Meridian Quality Manager | F28: TBC | H28: Planned | M28: Stage 3 - Pre-Construction | N28: 3.20 Quality & Inspection | O28: QIN | P28: PROJ-CDR-QIN-0001_ProjectQualityManagementPl
A29: 3.04 | B29: Stage 3 - Pre-Construction | C29: Inspection & Test Plans (ITP) Framework | D29: Establishes ITPs, hold/witness points and sign-off routes for key trades. | E29: Meridian Quality Manager | F29: TBC | H29: Planned | L29: Populate per package as procured. | M29: Stage 3 - Pre-Construction | N29: 3.20 Quality & Inspection | O29: QIN | P29: PROJ-CDR-QIN-0002_InspectionTestPlansITPFram
A30: 3.05 | B30: Stage 3 - Pre-Construction | C30: Materials & Sample Approval Process | D30: Controls product, material and benchmark approval before order/installation. | E30: Meridian Quality Manager | F30: TBC | H30: Planned | L30: Links to design technical submittal register. | M30: Stage 3 - Pre-Construction | N30: 3.20 Quality & Inspection | O30: QIN | P30: PROJ-CDR-QIN-0003_MaterialsSampleApprovalPro
A31: 3.06 | B31: Stage 3 - Pre-Construction | C31: Temporary Works Designs & Approved Register | D31: The temporary works designs, checks and approved register for construction. | E31: Temporary Works Coordinator | F31: TBC | H31: Planned | L31: No TW loaded without design check certificate. | M31: Stage 3 - Pre-Construction | N31: 3.30 Temporary Works (Design & Approval) | O31: TWD | P31: PROJ-CDR-TWD-0001_TemporaryWorksDesignsAppro
A32: 3.07 | B32: Stage 3 - Pre-Construction | C32: Excavation, Groundworks & Craneage TW Designs | D32: Specific temporary works designs for excavation, groundworks and lifting. | E32: Temporary Works Coordinator | F32: TBC | H32: Planned | M32: Stage 3 - Pre-Construction | N32: 3.30 Temporary Works (Design & Approval) | O32: TWD | P32: PROJ-CDR-TWD-0002_ExcavationGroundworksCrane
A33: 3.08 | B33: Stage 3 - Pre-Construction | C33: Permit-to-Work Systems Setup | D33: Establishes permit-to-work controls for high-risk activities. | E33: Meridian H&S Manager | F33: TBC | H33: Planned | M33: Stage 3 - Pre-Construction | N33: 3.40 Health, Safety & Permits | O33: HSP | P33: PROJ-CDR-HSP-0001_PermitToWorkSystemsSetup
A34: 3.09 | B34: Stage 3 - Pre-Construction | C34: Fire & Emergency Plan (Construction) | D34: Sets construction-phase fire, emergency and evacuation arrangements. | E34: Meridian H&S Manager | F34: TBC | H34: Planned | M34: Stage 3 - Pre-Construction | N34: 3.40 Health, Safety & Permits | O34: HSP | P34: PROJ-CDR-HSP-0002_FireEmergencyPlanConstruct
A35: 3.10 | B35: Stage 3 - Pre-Construction | C35: Site Waste Management Plan | D35: Plans waste segregation, disposal and recording for the build. | E35: Meridian H&S / Environmental | F35: TBC | H35: Planned | M35: Stage 3 - Pre-Construction | N35: 3.40 Health, Safety & Permits | O35: HSP | P35: PROJ-CDR-HSP-0003_SiteWasteManagementPlan
A36: 3.11 | B36: Stage 3 - Pre-Construction | C36: Subcontract Orders Placed (Key / Long-Lead) | D36: Confirms key and long-lead subcontract/supply orders are executed. | E36: Meridian / Commercial | F36: TBC | H36: Planned | L36: Track against programme need-by dates. | M36: Stage 3 - Pre-Construction | N36: 3.50 Subcontract & Procurement (Complete) | O36: SPS | P36: PROJ-CDR-SPS-0001_SubcontractOrdersPlacedKey
A37: 3.12 | B37: Stage 3 - Pre-Construction | C37: Construction Procurement Status & Gap Report | D37: Reports procurement status and any package gaps threatening start on site. | E37: Meridian / Commercial | F37: TBC | H37: Planned | M37: Stage 3 - Pre-Construction | N37: 3.50 Subcontract & Procurement (Complete) | O37: SPS | P37: PROJ-CDR-SPS-0002_ConstructionProcurementSta
A38: 3.13 | B38: Stage 3 - Pre-Construction | C38: Testing, Commissioning & Handover Strategy (Construction) | D38: Defines the construction-side commissioning, testing and handover approach. | E38: Meridian / Commissioning | F38: TBC | H38: Planned | L38: Coordinate with design handover strategy. | M38: Stage 3 - Pre-Construction | N38: 3.60 Commissioning & Handover Readiness | O38: CHR | P38: PROJ-CDR-CHR-0001_TestingCommissioningHandov
A39: 3.14 | B39: Stage 3 - Pre-Construction | C39: O&M / As-Built Information Requirements Setup | D39: Sets the O&M, as-built and handover information requirements from the outset. | E39: Meridian / Design Team | F39: TBC | H39: Planned | M39: Stage 3 - Pre-Construction | N39: 3.60 Commissioning & Handover Readiness | O39: CHR | P39: PROJ-CDR-CHR-0002_OMAsBuiltInformationRequir
A40: 3.15 | B40: Stage 3 - Pre-Construction | C40: Pre-Construction Readiness & Go/No-Go Report | D40: Confirms all pre-start conditions are met and authorises start on site. | E40: Meridian Project Manager | F40: TBC | H40: Planned | L40: The pre-start gate — nothing starts until this is signed off. | M40: Stage 3 - Pre-Construction | N40: 3.60 Commissioning & Handover Readiness | O40: CHR | P40: PROJ-CDR-CHR-0003_PreConstructionReadinessGo

Sheet Folder Coverage
A1: Folder Coverage — items per stage
A3: L1 Code | B3: Level 1 Folder (Stage) | C3: Items
A4: 1.0 | B4: Stage 1 - Bid & Tender | C4: =COUNTIF('Master Register'!$B$4:$B$40,B4) -> 10
A5: 2.0 | B5: Stage 2 - Contract Award | C5: =COUNTIF('Master Register'!$B$4:$B$40,B5) -> 12
A6: 3.0 | B6: Stage 3 - Pre-Construction | C6: =COUNTIF('Master Register'!$B$4:$B$40,B6) -> 15
B7: TOTAL | C7: =SUM(C4:C6) -> 37

Sheet Dashboard
A1: PROJ Construction Pre-Construction — Dashboard
A2: Live counts off the Master Register. Set Include / Priority / Delivery Status / Target Date there and these update.
A4: Control | B4: Count | D4: Delivery Status | E4: Count
A5: Total deliverables | B5: =COUNTA('Master Register'!$A$4:$A$40) -> 37 | D5: Planned | E5: =COUNTIF('Master Register'!$H$4:$H$40,"Planned") -> 37
A6: Included - Yes | B6: =COUNTIF('Master Register'!$F$4:$F$40,"Yes") -> 0 | D6: In development | E6: =COUNTIF('Master Register'!$H$4:$H$40,"In Development") -> 0
A7: Excluded - No | B7: =COUNTIF('Master Register'!$F$4:$F$40,"No") -> 0 | D7: Submitted / review | E7: =COUNTIF('Master Register'!$H$4:$H$40,"Submitted / Review") -> 0
A8: Still TBC | B8: =COUNTIF('Master Register'!$F$4:$F$40,"TBC") -> 37 | D8: Complete | E8: =COUNTIF('Master Register'!$H$4:$H$40,"Complete") -> 0
A9: Critical priority | B9: =COUNTIF('Master Register'!$G$4:$G$40,"Critical") -> 0 | D9: Percent complete | E9: =IFERROR(E8/B5,0) -> 0
A11: Deliverables by owner / lead party | G11: Deliverables by stage
A12: Owner / Lead Party | B12: Documents | G12: Stage | H12: Documents
A13: Meridian / Commercial | B13: =COUNTIF('Master Register'!$E$4:$E$40,A13) -> 5 | G13: Stage 1 - Bid & Tender | H13: =COUNTIF('Master Register'!$B$4:$B$40,G13) -> 10
A14: Meridian / Commissioning | B14: =COUNTIF('Master Register'!$E$4:$E$40,A14) -> 1 | G14: Stage 2 - Contract Award | H14: =COUNTIF('Master Register'!$B$4:$B$40,G14) -> 12
A15: Meridian / Design Team | B15: =COUNTIF('Master Register'!$E$4:$E$40,A15) -> 1 | G15: Stage 3 - Pre-Construction | H15: =COUNTIF('Master Register'!$B$4:$B$40,G15) -> 15
A16: Meridian / Utility Designers | B16: =COUNTIF('Master Register'!$E$4:$E$40,A16) -> 1 | G16: TOTAL | H16: =SUM(H13:H15) -> 37
A17: Meridian Construction Manager | B17: =COUNTIF('Master Register'!$E$4:$E$40,A17) -> 9
A18: Meridian H&S / Environmental | B18: =COUNTIF('Master Register'!$E$4:$E$40,A18) -> 2
A19: Meridian H&S Manager | B19: =COUNTIF('Master Register'!$E$4:$E$40,A19) -> 6
A20: Meridian Planner | B20: =COUNTIF('Master Register'!$E$4:$E$40,A20) -> 3
A21: Meridian Project Manager | B21: =COUNTIF('Master Register'!$E$4:$E$40,A21) -> 2
A22: Meridian Quality Manager | B22: =COUNTIF('Master Register'!$E$4:$E$40,A22) -> 3
A23: Temporary Works Coordinator | B23: =COUNTIF('Master Register'!$E$4:$E$40,A23) -> 4

Sheet Guidance & Lookups
A1: How to Use This Register
A3: Field | B3: Required use | C3: Do not do | E3: Owner / Lead Party Lookup | F3: Values
A4: Stage | B4: Set by gate: 1 Bid & Tender / 2 Contract Award / 3 Pre-Construction. | C4: Do not leave a deliverable unstaged. | E4: Meridian / Commercial | F4: Yes
A5: Include in Pack? | B5: Set Yes / No / TBC once applicability is confirmed. | C5: Do not leave items at TBC once scope is fixed. | E5: Meridian / Commissioning | F5: No
A6: Delivery Status | B6: Planned / In Development / Submitted-Review / Complete against actual status. | C6: Do not mark Complete before formal issue/acceptance. | E6: Meridian / Design Team | F6: TBC
A7: Priority | B7: Critical / High / Medium by construction risk and programme need-by. | C7: Do not invent criticality; tie it to the programme. | E7: Meridian / Utility Designers | F7: Critical
A8: Owner / Lead Party | B8: Construction roles — confirm the named holders on appointment. | C8: Do not leave safety-critical items (CPP, TW) unassigned. | E8: Meridian Construction Manager | F8: High
A9: Target Date | B9: Link to the mobilisation / construction programme need-by date. | C9: Do not use arbitrary dates disconnected from programme. | E9: Meridian H&S / Environmental | F9: Medium
A10: Content status | B10: This is a generated standard set — review and adjust for PROJ. | C10: Do not issue as the construction team's register without their sign-off. | E10: Meridian H&S Manager | F10: Planned
E11: Meridian Planner | F11: In Development
E12: Meridian Project Manager | F12: Submitted / Review
E13: Meridian Quality Manager | F13: Complete
E14: Temporary Works Coordinator
